{
  "analysis_summary": {
    "total_seasons": 10,
    "successful_seasons": 20,
    "total_systems": 2,
    "total_data_points": 397,
    "analysis_date": "2026-01-31",
    "analysis_version": "2.0-robust"
  },
  "systems_metrics": {
    "分区系统": {
      "公平性指标": {
        "评委粉丝相关性": 0.6142921850841093,
        "分区变动稳定性": 0.5563186813186813,
        "豁免权公平性": 0.42000000000000004
      },
      "娱乐性指标": {
        "意外淘汰次数": 0.42000000000000004,
        "排名波动指数": 0.39101851851851854,
        "豁免权使用次数": 0.23000000000000007
      },
      "参与度指标": {
        "投票影响率": 0.42000000000000004,
        "观众参与指数": 0.7000000000000001
      },
      "技术指标": {
        "系统稳定性": 0.2105918671209425,
        "可解释性": 0.7999999999999999,
        "透明度": 0.75
      },
      "综合评分": 0.4883595151695421
    },
    "当前系统": {
      "公平性指标": {
        "评委粉丝相关性": 0.6860351473690739
      },
      "娱乐性指标": {
        "意外淘汰次数": 0.3400000000000001,
        "排名波动指数": 0.36953703703703705
      },
      "参与度指标": {
        "投票影响率": 0.29999999999999993,
        "观众参与指数": 0.39999999999999997
      },
      "技术指标": {
        "系统稳定性": 0.21872619874107985,
        "可解释性": 0.5999999999999999,
        "透明度": 0.5
      },
      "综合评分": 0.4780003970927674
    }
  },
  "comparison_data": {
    "improvements": {
      "综合评分": 2.1671777136127073,
      "公平性指标": -22.71480197952248,
      "娱乐性指标": -2.1880029579364058,
      "参与度指标": 60.00000000000002
    },
    "season_trends": {
      "分区系统": {
        "1": 0.4655265858519575,
        "2": 0.5587561618465642,
        "3": 0.4985427549670426,
        "4": 0.5822642406856599,
        "5": 0.49136591241992056,
        "6": 0.42891837375212327,
        "7": 0.517998071794445,
        "8": 0.43178850828131327,
        "9": 0.484028117129103,
        "10": 0.42440642496729225
      },
      "当前系统": {
        "1": 0.5904961147124046,
        "2": 0.5545146610120228,
        "3": 0.42224823367108444,
        "4": 0.49001552369482293,
        "5": 0.48932006427252656,
        "6": 0.5662070678145061,
        "7": 0.3892521508538695,
        "8": 0.4700930094891683,
        "9": 0.46959628118917124,
        "10": 0.33826086421809703
      }
    }
  },
  "all_metrics": {
    "分区系统": {
      "1": {
        "公平性指标": {
          "评委粉丝相关性": 0.33765037665887476,
          "分区变动稳定性": 0.7692307692307692,
          "豁免权公平性": 0.4
        },
        "娱乐性指标": {
          "意外淘汰次数": 0.2,
          "排名波动指数": 0.4555555555555555,
          "豁免权使用次数": 0.3
        },
        "参与度指标": {
          "投票影响率": 0.4,
          "观众参与指数": 0.7
        },
        "技术指标": {
          "系统稳定性": 0.15004689827830434,
          "可解释性": 0.8,
          "透明度": 0.75
        },
        "综合评分": 0.4655265858519575
      },
      "2": {
        "公平性指标": {
          "评委粉丝相关性": 0.8139649964233939,
          "分区变动稳定性": 0.4285714285714286,
          "豁免权公平性": 0.6
        },
        "娱乐性指标": {
          "意外淘汰次数": 0.4,
          "排名波动指数": 0.5166666666666667,
          "豁免权使用次数": 0.3
        },
        "参与度指标": {
          "投票影响率": 0.6,
          "观众参与指数": 0.7
        },
        "技术指标": {
          "系统稳定性": 0.23880736791504864,
          "可解释性": 0.8,
          "透明度": 0.75
        },
        "综合评分": 0.5587561618465642
      },
      "3": {
        "公平性指标": {
          "评委粉丝相关性": 0.3575800682753466,
          "分区变动稳定性": 0.9230769230769231,
          "豁免权公平性": 0.4
        },
        "娱乐性指标": {
          "意外淘汰次数": 0.6,
          "排名波动指数": 0.28518518518518515,
          "豁免权使用次数": 0.2
        },
        "参与度指标": {
          "投票影响率": 0.4,
          "观众参与指数": 0.7
        },
        "技术指标": {
          "系统稳定性": 0.14342762372277806,
          "可解释性": 0.8,
          "透明度": 0.75
        },
        "综合评分": 0.4985427549670426
      },
      "4": {
        "公平性指标": {
          "评委粉丝相关性": 0.7012906023958032,
          "分区变动稳定性": 0.46153846153846156,
          "豁免权公平性": 0.6
        },
        "娱乐性指标": {
          "意外淘汰次数": 0.8,
          "排名波动指数": 0.3370370370370371,
          "豁免权使用次数": 0.4
        },
        "参与度指标": {
          "投票影响率": 0.6,
          "观众参与指数": 0.7
        },
        "技术指标": {
          "系统稳定性": 0.2619143856887562,
          "可解释性": 0.8,
          "透明度": 0.75
        },
        "综合评分": 0.5822642406856599
      },
      "5": {
        "公平性指标": {
          "评委粉丝相关性": 0.6981057052516153,
          "分区变动稳定性": 0.1428571428571429,
          "豁免权公平性": 0.6
        },
        "娱乐性指标": {
          "意外淘汰次数": 0.2,
          "排名波动指数": 0.5166666666666667,
          "豁免权使用次数": 0.3
        },
        "参与度指标": {
          "投票影响率": 0.6,
          "观众参与指数": 0.7
        },
        "技术指标": {
          "系统稳定性": 0.22260740421696215,
          "可解释性": 0.8,
          "透明度": 0.75
        },
        "综合评分": 0.49136591241992056
      },
      "6": {
        "公平性指标": {
          "评委粉丝相关性": 0.17515670404133132,
          "分区变动稳定性": 0.6153846153846154,
          "豁免权公平性": 0.4
        },
        "娱乐性指标": {
          "意外淘汰次数": 0.4,
          "排名波动指数": 0.3611111111111111,
          "豁免权使用次数": 0.2
        },
        "参与度指标": {
          "投票影响率": 0.4,
          "观众参与指数": 0.7
        },
        "技术指标": {
          "系统稳定性": 0.14232326123955105,
          "可解释性": 0.8,
          "透明度": 0.75
        },
        "综合评分": 0.42891837375212327
      },
      "7": {
        "公平性指标": {
          "评委粉丝相关性": 0.7782480774488422,
          "分区变动稳定性": 0.75,
          "豁免权公平性": 0.2
        },
        "娱乐性指标": {
          "意外淘汰次数": 1.0,
          "排名波动指数": 0.3444444444444444,
          "豁免权使用次数": 0.1
        },
        "参与度指标": {
          "投票影响率": 0.2,
          "观众参与指数": 0.7
        },
        "技术指标": {
          "系统稳定性": 0.2327405494290723,
          "可解释性": 0.8,
          "透明度": 0.75
        },
        "综合评分": 0.517998071794445
      },
      "8": {
        "公平性指标": {
          "评委粉丝相关性": 0.8012195350910517,
          "分区变动稳定性": 0.6153846153846154,
          "豁免权公平性": 0.2
        },
        "娱乐性指标": {
          "意外淘汰次数": 0.4,
          "排名波动指数": 0.21851851851851853,
          "豁免权使用次数": 0.1
        },
        "参与度指标": {
          "投票影响率": 0.2,
          "观众参与指数": 0.7
        },
        "技术指标": {
          "系统稳定性": 0.21498516621900868,
          "可解释性": 0.8,
          "透明度": 0.75
        },
        "综合评分": 0.43178850828131327
      },
      "9": {
        "公平性指标": {
          "评委粉丝相关性": 0.6128272984298584,
          "分区变动稳定性": 0.5714285714285714,
          "豁免权公平性": 0.4
        },
        "娱乐性指标": {
          "意外淘汰次数": 0.2,
          "排名波动指数": 0.6,
          "豁免权使用次数": 0.2
        },
        "参与度指标": {
          "投票影响率": 0.4,
          "观众参与指数": 0.7
        },
        "技术指标": {
          "系统稳定性": 0.30094796936858487,
          "可解释性": 0.8,
          "透明度": 0.75
        },
        "综合评分": 0.484028117129103
      },
      "10": {
        "公平性指标": {
          "评委粉丝相关性": 0.8668784868249744,
          "分区变动稳定性": 0.2857142857142857,
          "豁免权公平性": 0.4
        },
        "娱乐性指标": {
          "意外淘汰次数": 0.0,
          "排名波动指数": 0.27499999999999997,
          "豁免权使用次数": 0.2
        },
        "参与度指标": {
          "投票影响率": 0.4,
          "观众参与指数": 0.7
        },
        "技术指标": {
          "系统稳定性": 0.19811804513135872,
          "可解释性": 0.8,
          "透明度": 0.75
        },
        "综合评分": 0.42440642496729225
      }
    },
    "当前系统": {
      "1": {
        "公平性指标": {
          "评委粉丝相关性": 0.8808191691254098
        },
        "娱乐性指标": {
          "意外淘汰次数": 0.6,
          "排名波动指数": 0.4037037037037037
        },
        "参与度指标": {
          "投票影响率": 0.3,
          "观众参与指数": 0.4
        },
        "技术指标": {
          "系统稳定性": 0.22461549888867144,
          "可解释性": 0.6,
          "透明度": 0.5
        },
        "综合评分": 0.5904961147124046
      },